Workbook

Sheet list_pods
A1: account | B1: account_number | C1: cluster | E1: sha | F1: namespace | G1: deployment | H1: pod_name
A2: corporateprod | B2: =_xlfn.XLOOKUP(A2,Planilha1!A:A,Planilha1!B:B,"") -> 564593125549 | C2: eks-nike-tech-01-prod | D2: =B2&MID(E2,SEARCH("sha",LOWER(E2)),71) -> 564593125549sha256:614e2a378d2c55b588ea02eab6a6ec9eb4e4281ad731955dc67442c4c2ff35bb | E2: gcr.io/apigee-microgateway/edgemicro@sha256:614e2a378d2c55b588ea02eab6a6ec9eb4e4281ad731955dc67442c4c2ff35bb | F2: apigee-system | G2: eks-nike-tech-01-prod-microgateway-ddb785cf8 | H2: eks-nike-tech-01-prod-microgateway-ddb785cf8-8t964
A3: corporateprod | B3: =_xlfn.XLOOKUP(A3,Planilha1!A:A,Planilha1!B:B,"") -> 564593125549 | C3: eks-nike-tech-01-prod | D3: =B3&MID(E3,SEARCH("sha",LOWER(E3)),71) -> 564593125549sha256:b68f8ab06808890dff627d8fff67a3375fb8d38b83d1c79ea0684cfbb7702ba9 | E3: docker.io/bitnami/cassandra@sha256:b68f8ab06808890dff627d8fff67a3375fb8d38b83d1c79ea0684cfbb7702ba9 | F3: cassandra-uat | G3: N/A | H3: cassandra-uat-0
A4: corporateprod | B4: =_xlfn.XLOOKUP(A4,Planilha1!A:A,Planilha1!B:B,"") -> 564593125549 | C4: eks-nike-tech-01-prod | D4: =B4&MID(E4,SEARCH("sha",LOWER(E4)),71) -> 564593125549sha256:c5e0e5dca7503a8371b8d366db0f49e3fc68f62ea480262e39b6cc277991c97c | E4: quay.io/strimzi/operator@sha256:c5e0e5dca7503a8371b8d366db0f49e3fc68f62ea480262e39b6cc277991c97c | F4: default | G4: strimzi-cluster-operator-5dc9798fb4 | H4: strimzi-cluster-operator-5dc9798fb4-gbknc
A5: corporateprod | B5: =_xlfn.XLOOKUP(A5,Planilha1!A:A,Planilha1!B:B,"") -> 564593125549 | C5: eks-nike-tech-01-prod | D5: =B5&MID(E5,SEARCH("sha",LOWER(E5)),71) -> 564593125549sha256:bfb1d7950ea02c875c7061a98e1714b017d8e2a6e74df0c07611c546b6d4f8b6 | E5: ghcr.io/fluxcd/flagger@sha256:bfb1d7950ea02c875c7061a98e1714b017d8e2a6e74df0c07611c546b6d4f8b6 | F5: istio-system | G5: flagger-8b945cf6b | H5: flagger-8b945cf6b-6jn8n
A6: corporateprod | B6: =_xlfn.XLOOKUP(A6,Planilha1!A:A,Planilha1!B:B,"") -> 564593125549 | C6: eks-nike-tech-01-prod | D6: =B6&MID(E6,SEARCH("sha",LOWER(E6)),71) -> 564593125549sha256:2152aea5fbe2de20f08f3e0412ad7a4cd54a492240ff40974261ee4bdb43871d | E6: docker.io/istio/proxyv2@sha256:2152aea5fbe2de20f08f3e0412ad7a4cd54a492240ff40974261ee4bdb43871d | F6: istio-system | G6: istio-ingress-65cc558668 | H6: istio-ingress-65cc558668-rxzqd
A7: corporateprod | B7: =_xlfn.XLOOKUP(A7,Planilha1!A:A,Planilha1!B:B,"") -> 564593125549 | C7: eks-nike-tech-01-prod | D7: =B7&MID(E7,SEARCH("sha",LOWER(E7)),71) -> 564593125549sha256:ce9d876067018d5217836ffd28e5767e64937c573f5ac7d421be860857d0b266 | E7: docker.io/istio/pilot@sha256:ce9d876067018d5217836ffd28e5767e64937c573f5ac7d421be860857d0b266 | F7: istio-system | G7: istiod-649844d58b | H7: istiod-649844d58b-bh5dk
A8: corporateprod | B8: =_xlfn.XLOOKUP(A8,Planilha1!A:A,Planilha1!B:B,"") -> 564593125549 | C8: eks-nike-tech-01-prod | D8: =B8&MID(E8,SEARCH("sha",LOWER(E8)),71) -> 564593125549sha256:0e0c081fd0cf40e9028533d386177fc2492e4e839e1151237e847b2c9486715b | E8: docker.io/jaegertracing/all-in-one@sha256:0e0c081fd0cf40e9028533d386177fc2492e4e839e1151237e847b2c9486715b | F8: istio-system | G8: jaeger-8559896dfc | H8: jaeger-8559896dfc-v2t2j
A9: corporateprod | B9: =_xlfn.XLOOKUP(A9,Planilha1!A:A,Planilha1!B:B,"") -> 564593125549 | C9: eks-nike-tech-01-prod | D9: =B9&MID(E9,SEARCH("sha",LOWER(E9)),71) -> 564593125549sha256:fa494cb4ef3f3e4f593f3b12f77fced35fe1dff3c7c97e5f54f3f834d778e18d | E9: quay.io/kiali/kiali@sha256:fa494cb4ef3f3e4f593f3b12f77fced35fe1dff3c7c97e5f54f3f834d778e18d | F9: istio-system | G9: kiali-65fcd75bd | H9: kiali-65fcd75bd-qnvd9
A10: corporateprod | B10: =_xlfn.XLOOKUP(A10,Planilha1!A:A,Planilha1!B:B,"") -> 564593125549 | C10: eks-nike-tech-01-prod | D10: =B10&MID(E10,SEARCH("sha",LOWER(E10)),71) -> 564593125549sha256:680ae1958dbcb9da8ee4128a67c1163a6ee2744221f7d29f73d8bcc237fd0173 | E10: quay.io/strimzi/kafka@sha256:680ae1958dbcb9da8ee4128a67c1163a6ee2744221f7d29f73d8bcc237fd0173 | F10: kafka-dev | G10: kafka-cluster-entity-operator-7d4b5dcddf | H10: kafka-cluster-entity-operator-7d4b5dcddf-bbdvl
A11: corporateprod | B11: =_xlfn.XLOOKUP(A11,Planilha1!A:A,Planilha1!B:B,"") -> 564593125549 | C11: eks-nike-tech-01-prod | D11: =B11&MID(E11,SEARCH("sha",LOWER(E11)),71) -> 564593125549sha256:c5e0e5dca7503a8371b8d366db0f49e3fc68f62ea480262e39b6cc277991c97c | E11: quay.io/strimzi/operator@sha256:c5e0e5dca7503a8371b8d366db0f49e3fc68f62ea480262e39b6cc277991c97c | F11: kafka-dev | G11: kafka-cluster-entity-operator-7d4b5dcddf | H11: kafka-cluster-entity-operator-7d4b5dcddf-bbdvl
A12: corporateprod | B12: =_xlfn.XLOOKUP(A12,Planilha1!A:A,Planilha1!B:B,"") -> 564593125549 | C12: eks-nike-tech-01-prod | D12: =B12&MID(E12,SEARCH("sha",LOWER(E12)),71) -> 564593125549sha256:c5e0e5dca7503a8371b8d366db0f49e3fc68f62ea480262e39b6cc277991c97c | E12: quay.io/strimzi/operator@sha256:c5e0e5dca7503a8371b8d366db0f49e3fc68f62ea480262e39b6cc277991c97c | F12: kafka-dev | G12: kafka-cluster-entity-operator-7d4b5dcddf | H12: kafka-cluster-entity-operator-7d4b5dcddf-bbdvl
A13: corporateprod | B13: =_xlfn.XLOOKUP(A13,Planilha1!A:A,Planilha1!B:B,"") -> 564593125549 | C13: eks-nike-tech-01-prod | D13: =B13&MID(E13,SEARCH("sha",LOWER(E13)),71) -> 564593125549sha256:680ae1958dbcb9da8ee4128a67c1163a6ee2744221f7d29f73d8bcc237fd0173 | E13: quay.io/strimzi/kafka@sha256:680ae1958dbcb9da8ee4128a67c1163a6ee2744221f7d29f73d8bcc237fd0173 | F13: kafka-dev | G13: N/A | H13: kafka-cluster-kafka-0
... A1529: consentdev | B1529: =_xlfn.XLOOKUP(A1529,Planilha1!A:A,Planilha1!B:B,"") -> 992382670558 | C1529: consentimento-dev | D1529: =B1529&MID(E1529,SEARCH("sha",LOWER(E1529)),71) -> 992382670558sha256:f635442a0f47bbc8d1d868ca2b50d06e028d2c5048fd73a5986c92df317aff26 | E1529: docker.io/velero/velero@sha256:f635442a0f47bbc8d1d868ca2b50d06e028d2c5048fd73a5986c92df317aff26 | F1529: velero | G1529: velero-559c8cb49 | H1529: velero-559c8cb49-wqqvl

Sheet Planilha1
A1: # Nomes das contas usadas por Bahia
A2: corporateprod | B2: 564593125549
A3: arcsandbox | B3: 187739130313
A4: ssrmdev | B4: 306716481758
A5: ssrmsandbox | B5: 87086536124
A6: ssrmprod | B6: 877001948254
A7: corporatedev | B7: 153056696998
A8: sredev | B8: 504195663072
A9: dsstage | B9: 146737708860
A10: dsprod | B10: 662860092544
A11: dsdev | B11: 530914589075
A12: datahubdev | B12: 353091569218
A13: datahubprod | B13: 415071355886
... A15: consentprod | B15: 975050357449
